WUWF — Approved/Active Underwriting Copy (Scripts),,,,,,
"Pulled from RadioTraffic.com, 9/29/2026. Status ""OK"" only; expired copy excluded. Yellow = placeholder (""copy holder"") — script not yet entered.",,,,,,
,,,,,,
Underwriter,Cart,Copy Name,Length (sec),Start Date,End Date,Script
309 Punk Project,101,copy 1,30,10/1/2026,10/30/2026,"Support for WUWF comes from ""309 Punk Project"" hosting Hallozine Fest, Thursday October 29th and Friday October 30th at Voices of Pensacola Multicultural Center. This event celebrates indie music, media, zines and pop culture featuring a marketplace, exhibits and presentations.  More information is at 309 punk project dot org"
Alphastar Wealth Management,214,copy 1,30,9/28/2026,3/27/2027,"Support for WUWF comes from Alphastar Wealth Management – providing comprehensive, long-term, financial planning for all stages of life. As a family-operated fiduciary, Alphastar is committed to educating clients to make informed decisions. An appointment for an initial consultation can be made by contacting 850-437-3127"
Autumn Beck Blackledge,22,Copy 2,30,3/1/2021,8/31/2027,"Support for WUWF comes from Autumn Beck Blackledge, Attorneys at Law. Recognizing the lasting impact family legal matters have on your well-being and future, they work to secure a resolution that reflects your needs and goals. Informational videos are on line at autumn o beck dot com

Web address is autumn o beck dot com"
Autumn Beck Blackledge,18,Copy 1,30,3/1/2021,8/31/2027,"Support for WUWF comes from Autumn Beck Blackledge, Attorneys of Divorce and Family Law, who offer a number of approaches to resolving complex family issues. More details, videos, articles and client reviews are on line at autumn o beck dot com

Web address is autumn o beck dot com"
Bailey's Produce & Nursery,114,copy 1 - car pool,30,4/5/2023,4/27/2027,"Support for WWF comes from locally owned Baileys Produce and Nursery, offering fresh produce, locally and regionally sourced plants, specialty goods, a book section and gift items. Their latest updates are on Facebook and Instagram."
Bailey's Produce & Nursery,106,Learning Minute,60,3/1/2026,12/31/2026,"Please play the #________ spot for Bailey's Produce

Please tag spot with ""You can listen to archives of Learning Minute messages at WUWF dot org slash Learning"""
Baptist Healthcare,3,Copy 3,30,2/22/2026,10/31/2026,"Local support for WUWF is provided by Baptist Health Care. For 75 years, Baptist Health Care has lived out its Mission of helping people throughout life's journey and its Vision of being the trusted partner for improving the quality of life in our community"
Baptist Healthcare,2,Copy 2,30,2/22/2026,10/31/2026,"Local support for WUWF is provided by Baptist Health Care. Celebrating 75 years of improving health in Northwest Florida. Baptist has cared for families, created jobs and worked to build a healthier community since 1951."
Baptist Healthcare,1,Copy 1,30,2/22/2026,10/31/2026,"Local support for WUWF is provided by Baptist Health Care. For 75 years, Baptist has remained locally led and governed by representatives of the community through a board of directors who live and work here in Northwest Florida."
Boyles and Boyles,30,Book Club,30,9/1/2022,9/19/2027,"The WUWF Book Club invites you to join for reading and discussion with fellow readers. Simply go to WUWF dot org and click on the Book Club logo. Look for Facebook notifications about the upcoming Book Club salon social  Special thanks to our corporate sponsor Joseph Boyles at Boyles & Boyles, Attorneys at Law in Probate, Wills, Trusts and Mediations in Pensacola for making this book club possible"
Bud & Alley's,12,taco,30,2/16/2026,11/29/2026,"Support for WUWF comes from Bud & Alley's Taco Bar on 30A on the way to the beach and offering a full bar featuring over 40 specialty tequilas, Baja fish tacos, homemade guacamole and more. Dine-in or takeout. More details at Bud and Alleys dot com / taco – bar

(forward slash taco hyphen bar)"
Bud & Alley's,11,pizza,30,2/16/2026,11/29/2026,"Support for WUWF comes from Bud & Alley's Pizza Bar and Trattoria, featuring Neapolitan wood-fired pizza, house-made pastas, seasonal salads and more. Located beachfront and overlooking 30A in Seaside.  More details online at bud and alleys  dot com / pizza - bar

(forward slash pizza hyphen bar)"
Bud & Alley's,14,copy 3,30,6/18/2026,12/1/2026,"Support for WUWF comes from Bud & Alley's, a beachfront restaurant on 30A in Seaside. For more than 40 years—from sunrise breakfast to rooftop sunset celebrations—they have been serving fresh Gulf-to-table cuisine. Details are on social and online at Bud and Alleys dot com"
Chesser Barr Law Firm,21,copy 2,30,12/15/2025,12/13/2026,"Support for WUWF comes from Mike and Carolyn Chesser.  Mike is with the law firm of Chesser & Barr and Old South Land Title.  The law firm announces the addition of former Army Security Officer and Sheriff office special investigator, Joseph Paul, to the practice of criminal and family law."
Chesser Barr Law Firm,20,copy 1,30,12/15/2025,12/13/2026,"Support for WUWF comes from Mike and Carolyn Chesser.  Mike is with the law firm of Chesser & Barr and  Old South Land Title.  The law firm welcomes Yavontka Boose-Martin, the former legal director for military acquisitions at Eglin Air Force Base, to its Shalimar office for contracts and business matters.

Yavontka Boose= Yah vonk ah   Boose (rhymes with choose)"
Chesser Barr Law Firm,29,Copy 3,30,4/20/2026,11/29/2026,"Support for WUWF comes from Chesser & Barr –announcing Valerie Angel, a former City Attorney and Prosecutor for the City of Auburn, Washington and former Public Defender for Walton County, Florida, has joined the firm.  Experienced in homeland security and emergency management, her practice will focus on criminal law, municipal representation and family and business law"
Choral Society,200,Voices of Sea & Sky,30,10/5/2026,10/16/2026,"Support for WUWF comes from Choral Society of Pensacola presenting ""Voices of Sea and Sky: celebrating Pensacola's naval history"", Friday, October 16, 7:30 pm at Sanders Beach Corinne Jones Resource Center.  This concert celebrates America's 250th anniversary by honoring Pensacola's naval presence with sea chanteys, military anthems and other familiar favorites. More details are at Choral Society of Pensacola dot org"
Choral Society,200,El Mesias,30,11/23/2026,12/4/2026,"Support for WUWF comes from Choral Society of Pensacola presenting ""El Mesías: Handel's oratorio sung in Spanish"", reminding audiences of Spain's assistance to the Pensacola Patriots during the Revolutionary War. The concert is Friday, December 4, 7:30 pm and Saturday, December 5, noon at The Cathedral of the Sacred Heart. More details are at Choral Society of Pensacola dot org"
Choral Society,200,Alzheimer's Stories,30,3/8/2027,3/19/2027,... copy holder ....
Choral Society,200,Mass in Blue,30,5/3/2027,5/14/2027,... copy holder ....
"Clark,Partington,Hart,Larry,Bond & Stackhouse",15,CPH Law,30,1/1/2026,3/14/2027,"(they want a lil pause between ""Partington"" and ""Attorneys"")

Support for WUWF comes from Clark Partington... (Pause) Attorneys at Law, proudly celebrating 50 years in Northwest Florida with the belief strong communities are built together.  The firm is grateful for the community's trust  and  looks forward to building an even brighter future—together. More information is available at clark partington dot com"
Clever Ogre,69,copy 1,30,4/18/2021,4/18/2027,Support for WUWF comes from Clever Ogre and their team of local web site professionals. To see how they're helping small businesses and non-profit organizations stand out on the web visit clever ogre dot com
Dauphin Island Sea Lab,28,copy 1,60,8/6/2025,7/29/2027,"Please play the #________ spot for Dauphin Island Sea Lab

Please tag spot with ""You can listen to archives of Learning Minute messages at WUWF dot org slash Learning"""
Eastern Shore Chamber of Commerce,206,copy 1,30,9/1/2026,10/18/2026,"Support for WUWF comes from The Eastern Shore Chamber of Commerce presenting the 38th Annual ""Jubilee Festival of Arts"", October 17 and 18 in Olde Towne Daphne, Alabama. This event includes over 140 artists, the Jubilee Market and a Kids Art Area. Details are online at the jubilee festival dot com"
Emerald Coast Theatre Company,140,39 Steps,30,10/14/2026,10/23/2026,"Support for WUWF comes from South Walton presenting the Emerald Coast Theatre Company's ""The 39 Steps"",  a fast-paced who-done-it comedy inspired by Alfred Hitchcock's 1935 thriller. Performances run from October 15 through the 25th at Grand Boulevard in Miramar Beach.  Tickets and information are at emerald coast theatre dot org"
Emerald Coast Theatre Company,140,Million $$ Xmas,30,12/2/2026,12/18/2026,... copy holder ...
Emerald Coast Theatre Company,140,9 to 5,30,1/22/2027,2/5/2027,... copy holder ....
Emerald Coast Theatre Company,140,"Dear Jack, Dear Louise",30,2/17/2027,2/26/2027,... copy holder ....
Emerald Coast Theatre Company,140,Frozen,30,5/6/2027,5/21/2027,.... copy holder ....
End of Line Cafe,73,Gen,30,2/10/2025,2/7/2027,"Support for WUWF comes from End of The Line Café in the East Hill neighborhood on Wright Street. The café offers an organic, vegan menu; beer and wine, a coffee bar, plus Wi-Fi . Dine in, outdoor seating and take out service is available.. Open for Sunday Brunch. More information is at  e o t l  café  dot com or on Instagram"
End of Line Cafe,72,car pool,30,2/10/2025,2/7/2027,"Support for WUWF  comes from End of The Line Café-- an organic, vegan restaurant, coffee bar, and catering service on East Wright Street in Pensacola.  Organic foods are prepared in-house and those with food sensitivities are offered wheat-free and soy-free alternatives.  More details are at  e o t l  café  dot com or on Instagram"
Escambia County DOH,255,Copy 8,30,9/1/2026,9/30/2026,Support for WUWF comes from The Florida Department of Health in Escambia County. Having conversations about the dangers of opioids can decrease adolescent drug use by 50%. Learn how to start the conversation at Escambia dot Florida Health dot gov
Escambia County DOH,254,Copy 2,30,9/1/2026,9/30/2026,Support for WUWF comes from the Florida Department of Health in Escambia County. Students Working Against Tobacco is Florida's statewide youth organization that educates and empowers youth to fight against the tobacco industry. Learn how to join the movement at Escambia dot Florida Health dot gov.
Escambia County DOH,252,Copy 3,30,9/1/2026,9/30/2026,Support for WUWF comes from The Florida Department of Health in Escambia County. Individuals with diabetes and chronic illnesses are more at risk for adverse health events during an emergency or natural disaster. Learn ways to stay prepared at Escambia dot Florida Health dot gov.
Escambia County DOH,250,Copy 7,30,9/1/2026,9/30/2026,Support for WUWF comes from the Florida Department of Health in Escambia County. They are your year-round resource for back-to-school health and wellness. Learn more about their comprehensive services at Escambia dot Florida Health dot gov
Escambia County DOH,248,Copy 6,30,9/1/2026,9/30/2026,"Support for WUWF comes from the Florida Department of Health in Escambia County. September is National Baby Safety month. From Tummy Time to Safe Sleep, they have  got you covered! Learn more at Escambia dot Florida Health dot gov"
Escambia County DOH,245,Copy 4,30,9/1/2026,9/30/2026,"Support for WUWF comes from The Florida Department of Health in Escambia County. Preparedness starts at home. Stay one-week ready by having essential supplies, an evacuation plan, and a go-bag prepared for when disaster strikes. Learn more at Escambia dot Florida Health dot gov"
Escambia County DOH,244,copy 5,30,9/1/2026,9/30/2026,"Support for WUWF comes from the Florida Department of Health in Escambia County. September is Healthy Aging Month. Regular physical activity is essential for overall health and well-being. For tips and resources for staying active, visit Escambia dot Florida Health dot gov"
Escambia County DOH,244,Copy 1,30,9/1/2026,9/30/2026,"Support for WUWF comes from the Florida Department of Health in Escambia County. Every year, about 41,000 nonsmoking adults die from diseases caused by second hand smoke. There's no risk-free level of second hand smoke exposure, not even outdoors.  Learn more at Escambia dot Florida Health dot gov."
Escambia County DOH,255,Copy 8,30,10/1/2026,10/31/2026,"Support for WUWF comes from The Florida Department of Health in Escambia County. When illness strikes, they are there to help. Their Quick Care Clinic is open for comprehensive care for everyday illnesses. Learn more about their services at Escambia dot Florida Health dot gov"
Escambia County DOH,254,Copy 2,30,10/1/2026,10/31/2026,Support for WUWF comes from the Florida Department of Health in Escambia County. Nicotine can change your brain's reward system in just a few days by letting addiction take control. Start the journey to quit with the support of Tobacco Free Florida. Learn more at Escambia dot Florida Health dot gov.
Escambia County DOH,251,Copy 3,30,10/1/2026,10/31/2026,"Support for WUWF comes from The Florida Department of Health in Escambia County. Free healthy foods, breastfeeding support, and nutrition education are available. Walk-in WIC services are now available at two locations. Learn more at Escambia dot Florida Health dot gov."
Escambia County DOH,249,Copy 7,30,10/1/2026,10/31/2026,Support for WUWF comes from the Florida Department of Health in Escambia County—a year-round resource for health and wellness support. Learn more about their comprehensive services at Escambia dot Florida Health dot gov
Escambia County DOH,248,Copy 6,30,10/1/2026,10/31/2026,"Support for WUWF comes from the Florida Department of Health in Escambia County. October is Health Literacy Month. Understanding health information helps us make informed decisions, support others, and live healthier lives. Learn more at Escambia dot Florida Health dot gov"
Escambia County DOH,247,Copy 4,30,10/1/2026,10/31/2026,"Support for WUWF comes from The Florida Department of Health in Escambia County. October is Breast Cancer Awareness Month.  Awareness is important, but it's actions that save lives. To learn more about qualifying for a free or low-cost mammogram visit Escambia dot Florida Health dot gov."
Escambia County DOH,246,Copy 5,30,10/1/2026,10/31/2026,Support for WUWF comes from the Florida Department of Health in Escambia County. The Florida Breast and Cervical Cancer Early Detection Program makes it easy for eligible women to get mammograms and cervical cancer screenings. Learn more at Escambia dot Florida Health dot gov
Escambia County DOH,244,Copy 1,30,10/1/2026,10/31/2026,Support for WUWF comes from the Florida Department of Health in Escambia County. Students Working Against Tobacco is Florida's statewide youth organization working to educate and empower youth to fight against the tobacco industry. Learn how to join the movement at Escambia dot Florida Health dot gov
Feeding the Gulf Coast,181,Copy 2,30,6/1/2026,10/1/2026,"Support for WUWF comes from Feeding the Gulf Coast - helping children 18 and younger to access free healthy meals.  Now seeking partners to operate sites where children congregate such as schools, libraries, daycare centers or churches. Partner sites are trained and provided resources.  Details at feeding the gulf coast dot org"
Feeding the Gulf Coast,180,copy 1,30,6/1/2026,10/1/2026,Support for WUWF comes from Feeding the Gulf Coast – providing free meals and snacks to children through a variety of community partners.  Currently seeking partners with community-wide sites where children congregate. Training and resources are provided.  Information on how to become a partner is at: feeding the gulf coast dot org
Fireman Termite and Pest Control,24,1,30,5/22/2023,5/16/2027,Local support for WUWF comes from fireman termite and pest control - locally owned and serving the community since 1976 by treating common and unusual pest problems.  More information is online at   fireman pest dot com
First City Art Center,105,Car Pool,30,9/15/2026,10/10/2026,"Support for WUWF comes from First City Art Center announcing its Pumpkin Patch event at the First City campus.  First Pick Preview Party is October 9th.  General Admission is October 10th. Featured are thousands of handmade pumpkins, live music and refreshments. Tickets and details are at First City Art dot org."
First City Art Center,105,Gen 1 Pumpkin,30,9/15/2026,10/10/2026,"Support for WUWF comes from First City Art Center announcing its Pumpkin Patch event at the First City campus. The First Pick Preview Party is Friday, October 9th.  General Admission is Saturday, October 10th. The event features thousands of handmade pumpkins, live music and refreshments. Tickets and details are at First City Art dot org"
First City Art Center,105,copy 1,30,10/11/2026,11/14/2026,.... copy holder ...
Foo Foo Fest,216,copy 1,30,10/5/2026,11/9/2026,"Support for WUWF comes from Pensacola's ""Foo Foo Fest""— celebrating 12 Years of culturally creative happenings and events. Foo Foo is 12 days of arts and cultural experiences, October 29 through Nov 9.  More information is at Foo Foo Fest dot com."
FPM - FL Power & Light,47,copy 1,30,12/1/2025,12/31/2026,"Support for WUWF  comes from F P L ...Whatever the day, whatever the hour, F P L is working to keep service reliable with stronger power lines and diverse energy sources. F P L.  Working for you. Every single day."
FPM - FPREN,215,gen copy,30,9/28/2026,9/25/2027,"Hurricanes, tornadoes, severe storms and flooding can affect communities across Florida.  At the Florida Public Radio Emergency Network Storm Center, a team of meteorologists provides trusted emergency coverage, around the clock and all year long. You'll hear F P R E N severe weather coverage on this station and find local information, forecasts and severe weather updates on the Florida Storms app.  The Florida Public Radio Emergency Network is a statewide service of Florida's public media stations."
FPM - Window World,10,copy 1,30,1/1/2024,12/31/2026,"Support for WUWF comes from Window World of Pensacola —serving all of Pensacola since 1995. Providing energy-efficient windows, siding, doors, and Hurricane Protection. Custom In-home estimates available. More information at window world Pensacola dot com"
Here Now Therapy,25,car pool,30,4/20/2026,10/18/2026,"Support for WUWF comes from Here and Now Therapy with Kevin Weinzimmer, offering more than 16 years of professional counseling services in the military and private sector.  Trauma, PTSD, anxiety, and career counseling are some of the services. More details online at Here and Now Therapy Pensacola

Weinzimmer = Wine zimmer"
Innisfree Jet Center,122,Copy 1,30,1/1/2022,1/10/2027,"Local support for WUWF comes from Pensacola Beach dot com, an all-in-one website for all things Pensacola Beach.  Review rates on hotels, book tours and activities, see upcoming events and view the latest beach report.  Information at pensacola beach dot com."
International Paper,32,Copy 1,30,5/6/2024,5/2/2027,"Local support for WUWF comes from International Paper Pensacola mill, dedicated to continuous environmental improvement and supporting community initiatives for education, hunger, health and wellness, disaster relief and our planet"
Juan's Flying Burrito,104,Copy 1,30,2/6/2023,12/13/2026,Support for WUWF comes from Juan's Flying Burrito on Alcaniz Street in Pensacola serving a Creole-Mexican fusion menu and agave-forward cocktails in a Big Easy atmosphere.  Details at juans flying burrito dot com
Loyalty Credit Union,13,copy 1,30,3/17/2026,10/24/2026,"Support for WUWF comes from Loyalty Credit Union --a community partner for almost 100 years.  Committed to building strong communities and a proud sponsor of WUWF programming, Loyalty Credit Union is federally insured by N C U A.  More information is at Loyalty C U dot org"
Lynn Keefe Pediatrics,60,copy 1,30,6/8/2026,6/6/2027,Support for WUWF comes from Dr. Lynn Keefe and Dr. Laura Lee at Lynn Keefe Pediatrics in Niceville. For over 35 years they have provided health care and are available 24/7 for illness and injury. More information is at lynn keefe pediatrics dot com
Montessori School of Pensacola,525,Gen Copy,30,7/1/2022,3/7/2027,"Local Support for WUWF comes from the Montessori School of Pensacola, providing an educational experience to empower children to explore their world and develop a love for learning. MSP serves the Pensacola community at two locations: one in East Hill and one off Scenic Highway. More information is available at montessori pensacola dot com"
Move Period,111,Copy 2,30,8/31/2026,11/29/2026,"Support for WUWF comes from MOVE Period in Pensacola. For 17 years they have offered both small class and private coaching adapted for beginners, professionals, older adults and individual health or performance issues. Information about in-person and live on line training is at move period dot com"
Move Period,110,Copy 1,30,8/31/2026,11/29/2026,"Support for WUWF comes from Move Period in Pensacola.  For 17 years they have helped people of all ages and abilities gain strength through individualized, science-based, small-group coaching.  Information about in-person and live on line training is at move period dot com"
Natural Awakenings,451,1,30,3/11/2018,4/11/2027,"Local Support for WUWF comes from Natural Awakenings of Northwest Florida, a monthly magazine published locally that features articles on natural health, nutrition and sustainable living. Available at over 700 locations throughout Northwest Florida including  Ever'man's and selected Publix stores. Information and the digital magazine are on-line at N W F Naturally.com and Facebook NWF Naturally."
Open Books,100,car pool,30,9/7/2026,9/6/2027,"Support for WUWF comes from Open Books in downtown Pensacola, with a variety of used books in every genre, including local authors. Open noon to 5 pm daily. Find them on Facebook and Instagram"
OsteoStrong,26,Wed Carpool,30,6/8/2026,6/6/2027,"Support for WUWF comes from Osteo Strong in Gulf Breeze--offering a once a week, evidence based system for those with osteoporosis, osteopenia, or anyone wanting to strengthen muscle and bones and improve posture and balance. Details are on line at osteo strong dot m e"
P'cola Pop Comics,50,carpool,30,3/23/2026,3/21/2027,"Support for WUWF comes from Pensacola Pop Comics –since 2014 it's the destination for comics, graphic novels, new releases and back issues. The shop also hosts a monthly book club. More information is at Pensacola pop comics dot com"
"Phil Hall, PA",219,Copy 4,30,6/22/2020,6/13/2027,"Support for WUWF comes from Pensacola personal injury attorney Phil Hall. Since 2003 Phil Hall has been helping clients answer car wreck questions in serious personal injury cases. Details about the firm, testimonials, and consultation are on line at ask a lawyer first dot com"
"Phil Hall, PA",212,Copy 3,30,6/22/2020,6/13/2027,"Support for WUWF comes from Phil Hall, P.A. in Pensacola. Ask A Lawyer First is the firm's web address, and a principle that guides its approach to helping individuals with personal injury, wrongful death, and insurance-related questions. More information is available at Ask A Lawyer First dot com."
"Phil Hall, PA",211,Copy 2,30,6/22/2020,6/13/2027,"Support for WUWF comes from attorney Phil Hall. Since 2003, Phil Hall has represented individuals and families dealing with the aftermath of serious injuries and wrongful death. Information about the firm and its approach can be found at Ask A Lawyer First dot com"
"Phil Hall, PA",210,Copy 1,30,6/22/2020,6/13/2027,"Support for WUWF comes from Phil Hall, P.A. The Pensacola law firm maintains the website ""Ask A Lawyer First dot com"", a resource for information about personal injury claims, insurance issues, and wrongful death cases. Details and testimonials are available online at Ask A Lawyer First dot com"
Polonza Bistro,33,car pool wed,30,10/28/2024,10/31/2026,"Support for WUWF comes from Polonza Bistro, family-owned and operated in downtown Pensacola. Menu items are made in-house----from smoking the meats to baking breads. Open for breakfast and lunch.  Details are online at Polonza  dot com"
Sinfonia Gulf Coast,90,NY Voices,30,9/23/2026,10/9/2026,"Support for WUWF comes from Sinfonia Gulf Coast hosting ""Cabaret at Seagar's: An Evening with New York Voices"". Celebrating 40 years of vocal jazz excellence with New York Voices on their farewell tour, The Four and Only. The event is Thursday, October 8, 5:30 p.m. at Hilton Sandestin Beach Golf Resort & Spa, Miramar Beach. Ticket details are at sinfonia gulf coast dot o-r-g."
Sinfonia Gulf Coast,90,Class Connect,30,11/2/2026,11/13/2026,.... copy holder ....
Sinfonia Gulf Coast,90,Holiday Pops,30,11/30/2026,12/10/2026,.... copy holder ....
Sinfonia Gulf Coast,90,Itzkoff,30,3/1/2027,3/12/2027,.... copy holder ....
Sinfonia Gulf Coast,90,Cirque Cinema,30,5/3/2027,5/14/2027,.... copy holder ....
TLC Caregiver,203,copy 1,30,1/15/2024,1/10/2027,"TLC Learning Minute
Please the play ""TLC spot ___"" located in the PPA group

Please tag spot with ""You can listen to archives of Learning Minute messages at WUWF dot org slash Learning"""
West Moss,4,West Moss,30,7/25/2026,10/18/2026,"Support for WUWF and Five Corners comes from N. West Moss author of ""Birdy"", a new, middle-grade novel about the healing power of nature. Published by Little, Brown. Information about Birdy or the author's appearances, may be found at  n west moss dot com"
Wild Birds Unlimited,19,copy 1,30,4/10/2025,2/21/2027,"(Please read credit first, then play the segment)

Support for WUWF and Bird Note comes from Wild Birds Unlimited – Approximately 1 billion birds die annually due to window collision.  Specialized window tape and decals to avoid these accidents are offered at the store located on Brent Lane in Pensacola and online at Pensacola dot W B U dot com"
WUWF Day Sponsor,300,Day Sponsor,30,10/27/2026,10/27/2026,"Support for WUWF comes from today's day sponsor, Leigh Peake, who would like to wish her grandson Kade a very happy 10th Birthday from his whole family and friends."
WUWF Event,64,WUWF EAS Weekly Test,60,3/26/2012,12/31/2026,[Not an underwriting script — internal EAS weekly test procedure. Omitted because the entry contains system login credentials.]
